{"cameraMode":{"drawMode":0,"name":"Shaded","section":"Shading Mode"},"sceneLighting":false,"audioPlay":false,"sceneViewState":{"showFog":true,"showMaterialUpdate":false,"showSkybox":true,"showFlares":true,"showImageEffects":true,"showParticleSystems":true},"in2DMode":false,"pivot":{"x":-0.02979099750518799,"y":1.2952911853790284,"z":-2.328207015991211},"rotation":{"x":-0.00017301179468631744,"y":0.9997234344482422,"z":0.02218703366816044,"w":0.007798810955137014},"size":2.8578836917877199,"orthographic":false}